title,company,location,url,source,category,scraped_at
$1k Weekly Work from Home Assistant,Best Estimate Pro,Remote,https://remoteok.com/remote-jobs/remote-1k-weekly-work-from-home-assistant-best-estimate-pro-1129763,RemoteOK,test-category,2026-01-29T01:22:49.250689
Coding Bootcamp﹣Job Guaranteed,Metana,Remote,https://remoteok.com/remote-jobs/remote-coding-bootcamp-job-guaranteed-metana-1129395,RemoteOK,test-category,2026-01-29T01:22:49.250689
Search Engine Optimisation Intern,Sprinto,Remote,https://remoteok.com/remote-jobs/remote-search-engine-optimisation-intern-sprinto-1129856,RemoteOK,test-category,2026-01-29T01:22:49.250689
Senior Engineer Confluent Marketplace Partner Applied Solution,Confluent,Remote,https://remoteok.com/remote-jobs/remote-senior-engineer-confluent-marketplace-partner-applied-solution-confluent-1129855,RemoteOK,test-category,2026-01-29T01:22:49.250689
Senior Product Designer Türkiye,JumpCloud,Remote,https://remoteok.com/remote-jobs/remote-senior-product-designer-turkiye-jumpcloud-1129854,RemoteOK,test-category,2026-01-29T01:22:49.250689
Manager User Group Program 11132,"Coupa Software, Inc.",Remote,https://remoteok.com/remote-jobs/remote-manager-user-group-program-11132-coupa-software-inc-1129853,RemoteOK,test-category,2026-01-29T01:22:49.250689
Customer Success Manager Brazil,Zimperium,Remote,https://remoteok.com/remote-jobs/remote-customer-success-manager-brazil-zimperium-1129852,RemoteOK,test-category,2026-01-29T01:22:49.250689
Security Engineer,OpenRouter,Remote,https://remoteok.com/remote-jobs/remote-security-engineer-openrouter-1129851,RemoteOK,test-category,2026-01-29T01:22:49.250689
Developer Relations Lead,OpenRouter,Remote,https://remoteok.com/remote-jobs/remote-developer-relations-lead-openrouter-1129850,RemoteOK,test-category,2026-01-29T01:22:49.250689
Zora,ZORA,Remote,https://remoteok.com/remote-jobs/remote-zora-zora-1129849,RemoteOK,test-category,2026-01-29T01:22:49.250689
Business Development Manager,Unlimit,Remote,https://remoteok.com/remote-jobs/remote-business-development-manager-unlimit-1129848,RemoteOK,test-category,2026-01-29T01:22:49.250689
Regional Property Manager,The Scion Group,Remote,https://remoteok.com/remote-jobs/remote-regional-property-manager-the-scion-group-1129847,RemoteOK,test-category,2026-01-29T01:22:49.250689
Campaign Manager Demand Generation,Datacor,Remote,https://remoteok.com/remote-jobs/remote-campaign-manager-demand-generation-datacor-1129846,RemoteOK,test-category,2026-01-29T01:22:49.250689
Director Project Management,EdReports,Remote,https://remoteok.com/remote-jobs/remote-director-project-management-edreports-1129845,RemoteOK,test-category,2026-01-29T01:22:49.250689
Account Executive,Eulerity,Remote,https://remoteok.com/remote-jobs/remote-account-executive-eulerity-1129844,RemoteOK,test-category,2026-01-29T01:22:49.250689
Product Designer Provider Experience,Octave,Remote,https://remoteok.com/remote-jobs/remote-product-designer-provider-experience-octave-1129843,RemoteOK,test-category,2026-01-29T01:22:49.250689
Product Marketing Manager,Safe Security,Remote,https://remoteok.com/remote-jobs/remote-product-marketing-manager-safe-security-1129842,RemoteOK,test-category,2026-01-29T01:22:49.250689
Salesforce System Administrator,inKind,Remote,https://remoteok.com/remote-jobs/remote-salesforce-system-administrator-inkind-1129841,RemoteOK,test-category,2026-01-29T01:22:49.250689
Full Stack Developer,Patrick J McGovern Foundation,Remote,https://remoteok.com/remote-jobs/remote-full-stack-developer-patrick-j-mcgovern-foundation-1129840,RemoteOK,test-category,2026-01-29T01:22:49.250689
Customer Success Manager,Salvo Health,Remote,https://remoteok.com/remote-jobs/remote-customer-success-manager-salvo-health-1129839,RemoteOK,test-category,2026-01-29T01:22:49.250689
Software Engineer Enterprise Readiness,Dagster Labs,Remote,https://remoteok.com/remote-jobs/remote-software-engineer-enterprise-readiness-dagster-labs-1129838,RemoteOK,test-category,2026-01-29T01:22:49.250689
Copywriter,Movement Strategy,Remote,https://remoteok.com/remote-jobs/remote-copywriter-movement-strategy-1129837,RemoteOK,test-category,2026-01-29T01:22:49.250689
Principal Software Architect,Toshiba Global Commerce Solutions,Remote,https://remoteok.com/remote-jobs/remote-principal-software-architect-toshiba-global-commerce-solutions-1129836,RemoteOK,test-category,2026-01-29T01:22:49.250689
Platform & Enterprise Full Stack Sr Staff Software Engineer,BNSF Railway,Remote,https://remoteok.com/remote-jobs/remote-platform-enterprise-full-stack-sr-staff-software-engineer-bnsf-railway-1129835,RemoteOK,test-category,2026-01-29T01:22:49.250689
Platform & Enterprise Front End Sr Staff Software Engineer,BNSF Railway,Remote,https://remoteok.com/remote-jobs/remote-platform-enterprise-front-end-sr-staff-software-engineer-bnsf-railway-1129834,RemoteOK,test-category,2026-01-29T01:22:49.250689
Enterprise Account Executive UK,SurePay,Remote,https://remoteok.com/remote-jobs/remote-enterprise-account-executive-uk-surepay-1129833,RemoteOK,test-category,2026-01-29T01:22:49.250689
Fullstack Engineer II Tutor Platform,Khan Academy,Remote,https://remoteok.com/remote-jobs/remote-fullstack-engineer-ii-tutor-platform-khan-academy-1129832,RemoteOK,test-category,2026-01-29T01:22:49.250689
Junior Data Engineer,Satelligence,Remote,https://remoteok.com/remote-jobs/remote-junior-data-engineer-satelligence-1129831,RemoteOK,test-category,2026-01-29T01:22:49.250689
Sr Staff AI Engineer,BNSF Railway,Remote,https://remoteok.com/remote-jobs/remote-sr-staff-ai-engineer-bnsf-railway-1129829,RemoteOK,test-category,2026-01-29T01:22:49.250689
Crypto Trading Trainee Market Analysis Associate,WhiteBridge-Ltd,Remote,https://remoteok.com/remote-jobs/remote-crypto-trading-trainee-market-analysis-associate-whitebridge-ltd-1129668,RemoteOK,test-category,2026-01-29T01:22:49.250689
Customer Success Specialist,Smarsh,Remote,https://remoteok.com/remote-jobs/remote-customer-success-specialist-smarsh-1129827,RemoteOK,test-category,2026-01-29T01:22:49.250689
Bookkeeper Tax Preparer,Distro,Remote,https://remoteok.com/remote-jobs/remote-bookkeeper-tax-preparer-distro-1129826,RemoteOK,test-category,2026-01-29T01:22:49.250689
Senior Software Engineer Analytics Front Office,DRW,Remote,https://remoteok.com/remote-jobs/remote-senior-software-engineer-analytics-front-office-drw-1129825,RemoteOK,test-category,2026-01-29T01:22:49.250689
Data Analyst Media Relations,Global Fishing Watch,Remote,https://remoteok.com/remote-jobs/remote-data-analyst-media-relations-global-fishing-watch-1129824,RemoteOK,test-category,2026-01-29T01:22:49.250689
Regional Customer Support Specialist,Natera,Remote,https://remoteok.com/remote-jobs/remote-regional-customer-support-specialist-natera-1129823,RemoteOK,test-category,2026-01-29T01:22:49.250689
Member of Information & Security,Anchorage Digital,Remote,https://remoteok.com/remote-jobs/remote-member-of-information-amp-security-anchorage-digital-1129822,RemoteOK,test-category,2026-01-29T01:22:49.250689
Job 27120 Senior Kotlin Java Developer Brazil,CI&T,Remote,https://remoteok.com/remote-jobs/remote-job-27120-senior-kotlin-java-developer-brazil-ciampt-1129821,RemoteOK,test-category,2026-01-29T01:22:49.250689
Inside Sales Specialist,Ajax Systems,Remote,https://remoteok.com/remote-jobs/remote-inside-sales-specialist-ajax-systems-1129820,RemoteOK,test-category,2026-01-29T01:22:49.250689
Enterprise Account Executive,MariaDB plc,Remote,https://remoteok.com/remote-jobs/remote-enterprise-account-executive-mariadb-plc-1129819,RemoteOK,test-category,2026-01-29T01:22:49.250689
FISMA FedRAMP Senior Consultant,A-LIGN External,Remote,https://remoteok.com/remote-jobs/remote-fisma-fedramp-senior-consultant-a-lign-external-1129818,RemoteOK,test-category,2026-01-29T01:22:49.250689
Senior Solution Architect GSI,Veeam Software,Remote,https://remoteok.com/remote-jobs/remote-senior-solution-architect-gsi-veeam-software-1129817,RemoteOK,test-category,2026-01-29T01:22:49.250689
ML AI Ops Engineer,Veeam Software,Remote,https://remoteok.com/remote-jobs/remote-ml-ai-ops-engineer-veeam-software-1129816,RemoteOK,test-category,2026-01-29T01:22:49.250689
Job 27166 AI Platform Architect Colombia,CI&T,Remote,https://remoteok.com/remote-jobs/remote-job-27166-ai-platform-architect-colombia-ciampt-1129815,RemoteOK,test-category,2026-01-29T01:22:49.250689
Senior Data Science Engineer,Veeam Software,Remote,https://remoteok.com/remote-jobs/remote-senior-data-science-engineer-veeam-software-1129814,RemoteOK,test-category,2026-01-29T01:22:49.250689
Pre Sales Engineer,Ajax Systems,Remote,https://remoteok.com/remote-jobs/remote-pre-sales-engineer-ajax-systems-1129813,RemoteOK,test-category,2026-01-29T01:22:49.250689
Assistant Video Game Partnerships,Allied Global Marketing,Remote,https://remoteok.com/remote-jobs/remote-assistant-video-game-partnerships-allied-global-marketing-1129812,RemoteOK,test-category,2026-01-29T01:22:49.250689
Regional Sales Director,BridgeBio Pharma,Remote,https://remoteok.com/remote-jobs/remote-regional-sales-director-bridgebio-pharma-1129811,RemoteOK,test-category,2026-01-29T01:22:49.250689
Salesforce Platform Lead,Foundation Risk Partners,Remote,https://remoteok.com/remote-jobs/remote-salesforce-platform-lead-foundation-risk-partners-1129810,RemoteOK,test-category,2026-01-29T01:22:49.250689
Power BI Specialist,Long View Systems,Remote,https://remoteok.com/remote-jobs/remote-power-bi-specialist-long-view-systems-1129809,RemoteOK,test-category,2026-01-29T01:22:49.250689
Lead Salesforce Data Cloud Architect,Bounteous,Remote,https://remoteok.com/remote-jobs/remote-lead-salesforce-data-cloud-architect-bounteous-1129808,RemoteOK,test-category,2026-01-29T01:22:49.250689
Data Engineering Intern,RefinedScience,Remote,https://remoteok.com/remote-jobs/remote-data-engineering-intern-refinedscience-1129807,RemoteOK,test-category,2026-01-29T01:22:49.250689
Staff Security Engineer Proactive Security,DoorDash USA,Remote,https://remoteok.com/remote-jobs/remote-staff-security-engineer-proactive-security-doordash-usa-1129806,RemoteOK,test-category,2026-01-29T01:22:49.250689
Job 27166 AI Platform Architect Brazil,CI&T,Remote,https://remoteok.com/remote-jobs/remote-job-27166-ai-platform-architect-brazil-ciampt-1129805,RemoteOK,test-category,2026-01-29T01:22:49.250689
IT Support Technician LATAM,Deel,Remote,https://remoteok.com/remote-jobs/remote-it-support-technician-latam-deel-1129804,RemoteOK,test-category,2026-01-29T01:22:49.250689
Robotic Sales Representative Japan,PROCEPT BioRobotics,Remote,https://remoteok.com/remote-jobs/remote-robotic-sales-representative-japan-procept-biorobotics-1129803,RemoteOK,test-category,2026-01-29T01:22:49.250689
AI Game Tech Technical Director,Skydance,Remote,https://remoteok.com/remote-jobs/remote-ai-game-tech-technical-director-skydance-1129802,RemoteOK,test-category,2026-01-29T01:22:49.250689
AI Training Experts Gdańsk,Prolific,Remote,https://remoteok.com/remote-jobs/remote-ai-training-experts-gdansk-prolific-1129801,RemoteOK,test-category,2026-01-29T01:22:49.250689
Senior Manager GTM Analytics and AI,Cority,Remote,https://remoteok.com/remote-jobs/remote-senior-manager-gtm-analytics-and-ai-cority-1129800,RemoteOK,test-category,2026-01-29T01:22:49.250689
Business Development Representative,ABBYY,Remote,https://remoteok.com/remote-jobs/remote-business-development-representative-abbyy-1129799,RemoteOK,test-category,2026-01-29T01:22:49.250689
Enterprise Account Management Director,Shift4,Remote,https://remoteok.com/remote-jobs/remote-enterprise-account-management-director-shift4-1129798,RemoteOK,test-category,2026-01-29T01:22:49.250689
Senior Product Manager AI Solutions,Agiloft,Remote,https://remoteok.com/remote-jobs/remote-senior-product-manager-ai-solutions-agiloft-1129797,RemoteOK,test-category,2026-01-29T01:22:49.250689
Product Manager,Kunai,Remote,https://remoteok.com/remote-jobs/remote-product-manager-kunai-1129796,RemoteOK,test-category,2026-01-29T01:22:49.250689
Business Operations Manager,"Unlock Technologies, Inc.",Remote,https://remoteok.com/remote-jobs/remote-business-operations-manager-unlock-technologies-inc-1129795,RemoteOK,test-category,2026-01-29T01:22:49.250689
Staff Systems Engineer Low Latency & Networking,Jito Labs,Remote,https://remoteok.com/remote-jobs/remote-staff-systems-engineer-low-latency-amp-networking-jito-labs-1129794,RemoteOK,test-category,2026-01-29T01:22:49.250689
Software Developer Intern,RefinedScience,Remote,https://remoteok.com/remote-jobs/remote-software-developer-intern-refinedscience-1129793,RemoteOK,test-category,2026-01-29T01:22:49.250689
Senior Project Manager Delivery,Euclid Power,Remote,https://remoteok.com/remote-jobs/remote-senior-project-manager-delivery-euclid-power-1129792,RemoteOK,test-category,2026-01-29T01:22:49.250689
Computational Biologist,BIO,Remote,https://remoteok.com/remote-jobs/remote-computational-biologist-bio-1129791,RemoteOK,test-category,2026-01-29T01:22:49.250689
Senior Machine Learning Engineer,Greenhouse,Remote,https://remoteok.com/remote-jobs/remote-senior-machine-learning-engineer-greenhouse-1129790,RemoteOK,test-category,2026-01-29T01:22:49.250689
Lead Account Executive Enterprise Sales,Veeam Software,Remote,https://remoteok.com/remote-jobs/remote-lead-account-executive-enterprise-sales-veeam-software-1129789,RemoteOK,test-category,2026-01-29T01:22:49.250689
Modern Workplace Collaboration Consultant,Planet Technologies,Remote,https://remoteok.com/remote-jobs/remote-modern-workplace-collaboration-consultant-planet-technologies-1129788,RemoteOK,test-category,2026-01-29T01:22:49.250689
Account Manager,ABBYY,Remote,https://remoteok.com/remote-jobs/remote-account-manager-abbyy-1129787,RemoteOK,test-category,2026-01-29T01:22:49.250689
Senior Forecasting Analyst,InStride Health,Remote,https://remoteok.com/remote-jobs/remote-senior-forecasting-analyst-instride-health-1129786,RemoteOK,test-category,2026-01-29T01:22:49.250689
Data Scientist,Arbol,Remote,https://remoteok.com/remote-jobs/remote-data-scientist-arbol-1129785,RemoteOK,test-category,2026-01-29T01:22:49.250689
Senior Data Scientist,Raya,Remote,https://remoteok.com/remote-jobs/remote-senior-data-scientist-raya-1129784,RemoteOK,test-category,2026-01-29T01:22:49.250689
Insurance Analytics Associate,Zensurance,Remote,https://remoteok.com/remote-jobs/remote-insurance-analytics-associate-zensurance-1129783,RemoteOK,test-category,2026-01-29T01:22:49.250689
Data Analyst,Splash Financial,Remote,https://remoteok.com/remote-jobs/remote-data-analyst-splash-financial-1129782,RemoteOK,test-category,2026-01-29T01:22:49.250689
Telehealth Therapist Hawaii,FOLX Health,Remote,https://remoteok.com/remote-jobs/remote-telehealth-therapist-hawaii-folx-health-1129781,RemoteOK,test-category,2026-01-29T01:22:49.250689
Technical Project Manager,Game Plan Tech,Remote,https://remoteok.com/remote-jobs/remote-technical-project-manager-game-plan-tech-1129780,RemoteOK,test-category,2026-01-29T01:22:49.250689
Staff Software Engineer,The Farmer's Dog,Remote,https://remoteok.com/remote-jobs/remote-staff-software-engineer-the-farmers-dog-1129779,RemoteOK,test-category,2026-01-29T01:22:49.250689
Program Manager 4DX,MARA,Remote,https://remoteok.com/remote-jobs/remote-program-manager-4dx-mara-1129778,RemoteOK,test-category,2026-01-29T01:22:49.250689
Senior Manager Social,WPP Media,Remote,https://remoteok.com/remote-jobs/remote-senior-manager-social-wpp-media-1129777,RemoteOK,test-category,2026-01-29T01:22:49.250689
Staff Platform Security Engineer Office of the CISO,Obsidian Security,Remote,https://remoteok.com/remote-jobs/remote-staff-platform-security-engineer-office-of-the-ciso-obsidian-security-1129775,RemoteOK,test-category,2026-01-29T01:22:49.250689
Manager End User Computing,Precision Medicine Group,Remote,https://remoteok.com/remote-jobs/remote-manager-end-user-computing-precision-medicine-group-1129774,RemoteOK,test-category,2026-01-29T01:22:49.250689
Support Engineer,Blue Cube Services,Remote,https://remoteok.com/remote-jobs/remote-support-engineer-blue-cube-services-1129773,RemoteOK,test-category,2026-01-29T01:22:49.250689
Financial Analyst,Element Critical,Remote,https://remoteok.com/remote-jobs/remote-financial-analyst-element-critical-1129772,RemoteOK,test-category,2026-01-29T01:22:49.250689
Software Engineer Manager Marketing,BitMEX,Remote,https://remoteok.com/remote-jobs/remote-software-engineer-manager-marketing-bitmex-1129771,RemoteOK,test-category,2026-01-29T01:22:49.250689
Senior Platform Engineer Postgres Specialist,Tiger Data,Remote,https://remoteok.com/remote-jobs/remote-senior-platform-engineer-postgres-specialist-tiger-data-1129770,RemoteOK,test-category,2026-01-29T01:22:49.250689
Data Partnerships,Clay Labs,Remote,https://remoteok.com/remote-jobs/remote-data-partnerships-clay-labs-1129769,RemoteOK,test-category,2026-01-29T01:22:49.250689
Senior Sales Engineer APAC,Alpaca,Remote,https://remoteok.com/remote-jobs/remote-senior-sales-engineer-apac-alpaca-1129768,RemoteOK,test-category,2026-01-29T01:22:49.250689
Account Manager,Ergeon,Remote,https://remoteok.com/remote-jobs/remote-account-manager-ergeon-1129767,RemoteOK,test-category,2026-01-29T01:22:49.250689
Senior Marketing Manager Paid Ads,Acebet.com,Remote,https://remoteok.com/remote-jobs/remote-senior-marketing-manager-paid-ads-acebet-com-1129629,RemoteOK,test-category,2026-01-29T01:22:49.250689
Fullstack Engineer Education,xAI,Remote,https://remoteok.com/remote-jobs/remote-fullstack-engineer-education-xai-1129766,RemoteOK,test-category,2026-01-29T01:22:49.250689
$1k Weekly Work from Home Assistant,Best Estimate Pro,Remote,https://remoteok.com/remote-jobs/remote-1k-weekly-work-from-home-assistant-best-estimate-pro-1129764,RemoteOK,test-category,2026-01-29T01:22:49.250689
Technical Support Engineer,Swayable,Remote,https://remoteok.com/remote-jobs/remote-technical-support-engineer-swayable-1129758,RemoteOK,test-category,2026-01-29T01:22:49.250689
Senior Engineering Manager Data Engineering,Engine,Remote,https://remoteok.com/remote-jobs/remote-senior-engineering-manager-data-engineering-engine-1129757,RemoteOK,test-category,2026-01-29T01:22:49.250689
Business Development Representative,Jobscan,Remote,https://remoteok.com/remote-jobs/remote-business-development-representative-jobscan-1129756,RemoteOK,test-category,2026-01-29T01:22:49.250689
Senior Amazon Brand Manager,GNO Partners,Remote,https://remoteok.com/remote-jobs/remote-senior-amazon-brand-manager-gno-partners-1129050,RemoteOK,test-category,2026-01-29T01:22:49.250689
Senior Backend Engineer Infrastructure,ClickHouse,Remote,https://remoteok.com/remote-jobs/remote-senior-backend-engineer-infrastructure-clickhouse-1129754,RemoteOK,test-category,2026-01-29T01:22:49.250689
Manager of Storage Services,Lightedge,Remote,https://remoteok.com/remote-jobs/remote-manager-of-storage-services-lightedge-1129753,RemoteOK,test-category,2026-01-29T01:22:49.250689
Engineering Manager API,Runway,Remote,https://remoteok.com/remote-jobs/remote-engineering-manager-api-runway-1129752,RemoteOK,test-category,2026-01-29T01:22:49.250689
